,Context Sequence,gc content,pam_prox_at_frac,pos18_is_c
0,CCATCAGAAGCAGAGATCTCCCACACCCAAAAGG,0.5294117647058824,0.5,1
1,CGGCTGATTCGAGGCTTGTTTGGTCAGAAGGGGG,0.5882352941176471,0.4,0
2,CATCTCCTGTGTGGCTGTGAGACCAGGCGTGGCA,0.6176470588235294,0.4,0
3,GTTTTCACTACTCCTTGAAATTGTCCCCTCAAAG,0.4117647058823529,0.6,1
4,TTAGCTGTGGCTCCCAATACCTGCAGGTCACAGG,0.5588235294117647,0.4,0
5,CAAAACGTAAAGGTAGAAGGAACCCATTCAAGGC,0.4411764705882353,0.7,0
6,AAGACAGTTCCTTTAAAGACCTATCCTACGTATT,0.35294117647058826,0.7,1
7,AGTCCTTCTCTGAGTTCCTCTGAGCTGCCCTCTT,0.5294117647058824,0.5,0
8,GCAGGTACTGGAGACCACAGCAAAGACGCCAGGA,0.5882352941176471,0.4,0
9,CCCCAAGGGCCACTTTCCATCCTGAGCTACTCTG,0.5882352941176471,0.4,0
10,TGCGCTGGGGTCACCCTCTACCAGCAGCCCTGGG,0.7058823529411765,0.3,0
11,GTGGCCTTCTGGCATTTTTCAAACCATGGGTGAA,0.47058823529411764,0.6,0
12,GCATGTTTCACAAAGGGCTCGCGCTCCTATGAGA,0.5294117647058824,0.4,1
13,GCCTTAGCTGTGCTCGCGCTACTCTCTCTTTCTG,0.5588235294117647,0.3,1
14,TAAAGCTTAAAGATAATATGATCAATAGTAGCAA,0.23529411764705882,0.9,0
15,TCTGTAACCATCTTCTATCTCCCCCTCCCTTTCA,0.47058823529411764,0.7,0
16,CTCCATGTCCTCCGGGTGCCTCTGCTGTGGGCTG,0.6764705882352942,0.2,0
17,GGCCCTTCTCTGTAAACAGAGGCATTAAAATCCA,0.4411764705882353,0.7,0
18,CCAATCCACAGACGGCAGACTAAGGCCACACAGG,0.5882352941176471,0.3,1
19,CCCTTCCTCCAACAGAGAAAGGCCACACTGGCTT,0.5588235294117647,0.5,1
20,GCCCTCCTCTGAGAGCTTCAAGCCAACAAGGCCA,0.5882352941176471,0.5,0
